,titel,vorname,nachname,fraktion,id,ortszusatz,rolle,namenszusatz
11002190,Dr. ,Hermann Otto,Solms,FDP,11002190,,,
11003218,,Carsten,Schneider,SPD,11003218,(Erfurt),,
11004662,Dr. ,Bernd,Baumann,AfD,11004662,,,
11003790,,Jan,Korte,DIE LINKE,11003790,,,
11003541,,Michael,Grosse-Brömer,CDU/CSU,11003541,,,
11004023,Dr. ,Marco,Buschmann,FDP,11004023,,,
11003764,,Britta,Haßelmann,BÜNDNIS 90/DIE GRÜNEN,11003764,,,
11001074,,Volker,Kauder,CDU/CSU,11001074,,,
11001938,,Dr. Wolfgang,Schäuble,,11001938,,Präsident Dr. Wolfgang Schäuble,
11003124,Dr. ,Hans-Peter,Friedrich,CDU/CSU,11003124,(Hof),,
11003820,,Thomas,Oppermann,SPD,11003820,,,
11001235,,Wolfgang,Kubicki,FDP,11001235,,,
11003206,,Petra,Pau,DIE LINKE,11003206,,,
11003212,,Claudia,Roth,BÜNDNIS 90/DIE GRÜNEN,11003212,(Augsburg),,
11004092,Dr. ,Ursula,Leyen,,11004092,,Bundesministerin der Verteidigung,von der
11004226,,Wolfgang,Hellmich,SPD,11004226,,,
11004842,,Jan Ralf,Nolte,AfD,11004842,,,
11004798,,Alexander,Graf Lambsdorff,FDP,11004798,,,
11004361,Dr. ,Alexander S. ,Neu,DIE LINKE,11004361,,,
11004217,Dr. ,Tobias,Lindner,BÜNDNIS 90/DIE GRÜNEN,11004217,,,
11004050,,Jürgen,Hardt,CDU/CSU,11004050,,,
11004438,,Gabi,Weber,SPD,11004438,,,
11004018,Dr. ,Reinhard,Brandl,CDU/CSU,11004018,,,
11003755,,Sigmar,Gabriel,SPD,11003755,,,
11004781,,Norbert,Kleinwächter,AfD,11004781,,,
11003802,,Michael Georg,Link,FDP,11003802,(Heilbronn),,
11003746,,Sevim,Dağdelen,DIE LINKE,11003746,,,
11004106,,Agnieszka,Brugger,BÜNDNIS 90/DIE GRÜNEN,11004106,,,
11003821,,Henning,Otte,CDU/CSU,11003821,,,
11004724,Dr. ,Alexander,Gauland,AfD,11004724,,,
11003763,,Heike,Hänsel,DIE LINKE,11003763,,,
11003246,,Jürgen,Trittin,BÜNDNIS 90/DIE GRÜNEN,11003246,,,
11004048,,Florian,Hahn,CDU/CSU,11004048,,,
11003055,Dr. ,Ralf,Brauksiepe,CDU/CSU,11003055,,,
11003710,Dr. ,Bärbel,Kofler,SPD,11003710,,,
11004846,,Gerold,Otten,AfD,11004846,,,
11004906,Dr. ,Marie-Agnes,Strack-Zimmermann,FDP,11004906,,,
11004181,,Kathrin,Vogler,DIE LINKE,11004181,,,
11004066,,Uwe,Kekeritz,BÜNDNIS 90/DIE GRÜNEN,11004066,,,
11004357,,Elisabeth,Motschmann,CDU/CSU,11004357,,,
11004362,Dr. ,Andreas,Nick,CDU/CSU,11004362,,,
11003846,,Frank,Schwabe,SPD,11003846,,,
11004029,,Bijan,Djir-Sarai,FDP,11004029,,,
11004852,,Tobias,Pflüger,DIE LINKE,11004852,,,
11004145,Dr. ,Frithjof,Schmidt,BÜNDNIS 90/DIE GRÜNEN,11004145,,,
11004276,,Thorsten,Frei,CDU/CSU,11004276,,,
11004886,,Martin,Schulz,SPD,11004886,,,
11003608,Dr. ,Joachim,Pfeiffer,CDU/CSU,11003608,,,
11004695,,Tino,Chrupalla,AfD,11004695,,,
11004746,,Torsten,Herbst,FDP,11004746,,,
11003753,,Klaus,Ernst,DIE LINKE,11003753,,,
11004085,,Stephan,Kühn,BÜNDNIS 90/DIE GRÜNEN,11004085,(Dresden),,
11003796,,Andreas G. ,Lämmel,CDU/CSU,11003796,,,
11003896,Dr. ,Eva,Högl,,11003896,,Wehrbeauftragte des Deutschen Bundestages,
11004751,Dr. ,Heiko,Heßenkemper,AfD,11004751,,,
11004339,Dr. ,Andreas,Lenz,CDU/CSU,11004339,,,
11004318,,Thomas,Jurk,SPD,11004318,,,
11004398,,Jana,Schimke,CDU/CSU,11004398,,,
2837598228124174,,Peter,Altmaier,,2837598228124174,,Bundesminister der Finanzen,
11004932,Dr. ,Harald,Weyel,AfD,11004932,,,
11004705,,Christian,Dürr,FDP,11004705,,,
11004817,,Fabio,De Masi,DIE LINKE,11004817,,,
11004070,,Sven-Christian,Kindler,BÜNDNIS 90/DIE GRÜNEN,11004070,,,
11002738,Dr.  h. c. (Univ Kyiv),Hans,Michelbach,CDU/CSU,11002738,,,
11003196,,Andrea,Nahles,SPD,11003196,,,
11004669,,Marc,Bernhard,AfD,11004669,,,
11004864,,Bernd,Reuther,FDP,11004864,,,
11004080,,Jutta,Krellmann,DIE LINKE,11004080,,,
11003493,,Kerstin,Andreae,BÜNDNIS 90/DIE GRÜNEN,11003493,,,
11004264,,Hansjörg,Durz,CDU/CSU,11004264,,,
11004930,Dr. ,Alice,Weidel,AfD,11004930,,,
11003826,,Eckhardt,Rehberg,CDU/CSU,11003826,,,
11003545,,Bettina,Hagedorn,,11003545,,Parl. Staatssekretärin beim Bundesminister der Finanzen,
11003530,,Otto,Fricke,FDP,11003530,,,
11004060,,Andrej,Hunko,DIE LINKE,11004060,,,
11003889,,Manuel,Sarrazin,BÜNDNIS 90/DIE GRÜNEN,11003889,,,
11002280,,Michael,Stübgen,,11002280,,Parl. Staatssekretär bei der Bundesministerin für Ernährung und Landwirtschaft,
11004605,,Christian,Petry,SPD,11004605,,,
11004675,,Peter,Boehringer,AfD,11004675,,,
11004186,,Harald,Weinberg,DIE LINKE,11004186,,,
11004135,,Lothar,Riebsamen,CDU/CSU,11004135,,,
11003797,Dr. ,Karl,Lauterbach,SPD,11003797,,,
11004725,Dr. ,Axel,Gehrke,AfD,11004725,,,
11004003,,Christine,Aschenberg-Dugnus,FDP,11004003,,,
11004072,,Maria,Klein-Schmeink,BÜNDNIS 90/DIE GRÜNEN,11004072,,,
11004311,,Erich,Irlstorfer,CDU/CSU,11004311,,,
11003588,,Hilde,Mattheis,SPD,11003588,,,
11004139,,Erwin,Rüddel,CDU/CSU,11004139,,,
11004081,,Oliver,Krischer,BÜNDNIS 90/DIE GRÜNEN,11004081,,,
11004440,Dr. ,Anja,Weisgerber,CDU/CSU,11004440,,,
11002672,Dr. ,Barbara,Hendricks,SPD,11002672,,,
11004752,,Karsten,Hilse,AfD,11004752,,,
11004786,Dr. ,Lukas,Köhler,FDP,11004786,,,
11004672,,Lorenz Gösta,Beutin,DIE LINKE,11004672,,,
11003780,,Andreas,Jung,CDU/CSU,11003780,,,
11004442,,Bernd,Westphal,SPD,11004442,,,
11003732,,Niels,Annen,,11003732,,Staatsminister im Auswärtigen Amt,
11004807,,Rüdiger,Lucassen,AfD,11004807,,,
11004075,,Pascal,Kober,FDP,11004075,,,
11004022,,Christine,Buchholz,DIE LINKE,11004022,,,
11004843,,Ulrich,Oehme,AfD,11004843,,,
11004093,,Stefan,Liebich,DIE LINKE,11004093,,,
11003881,,Omid,Nouripour,BÜNDNIS 90/DIE GRÜNEN,11003881,,,
11002765,Dr. ,Norbert,Röttgen,CDU/CSU,11002765,,,
11003599,Dr. ,Rolf,Mützenich,SPD,11003599,,,
11004383,,Alexander,Radwan,CDU/CSU,11004383,,,
11004735,,Armin-Paulus,Hampel,AfD,11004735,,,
11004068,,Roderich,Kiesewetter,CDU/CSU,11004068,,,
11004296,,Gabriela,Heinrich,SPD,11004296,,,
11004182,Dr. ,Johann David,Wadephul,CDU/CSU,11004182,,,
11004291,,Sebastian,Hartmann,SPD,11004291,,,
11003589,,Stephan,Mayer,,11003589,,"Parl. Staatssekretär beim Bundesminister des Innern, für Bau und Heimat",
11004698,Dr. ,Gottfried,Curio,AfD,11004698,,,
11004175,,Stephan,Thomae,FDP,11004175,,,
11004837,,Zaklin,Nastic,DIE LINKE,11004837,,,
11004857,,Filiz,Polat,BÜNDNIS 90/DIE GRÜNEN,11004857,,,
11004056,,Ansgar,Heveling,CDU/CSU,11004056,,,
11004079,,Daniela,Kolbe,SPD,11004079,,,
11004049,Dr. ,Stephan,Harbarth,CDU/CSU,11004049,,,
11003782,,Josip,Juratovic,SPD,11003782,,,
11001023,,Ulla,Jelpke,DIE LINKE,11001023,,,
11004243,,Luise,Amtsberg,BÜNDNIS 90/DIE GRÜNEN,11004243,,,
11004688,Dr. ,Birke,Bull-Bischoff,DIE LINKE,11004688,,,
11004065,Dr. ,Stefan,Kaufmann,CDU/CSU,11004065,,,
11003211,Dr. ,Ernst Dieter,Rossmann,SPD,11003211,,,
11004722,Dr. ,Götz,Frömming,AfD,11004722,,,
11004910,,Katja,Suding,FDP,11004910,,,
11003756,,Kai,Gehring,BÜNDNIS 90/DIE GRÜNEN,11003756,,,
11004143,,Tankred,Schipanski,CDU/CSU,11004143,,,
11004267,,Saskia,Esken,SPD,11004267,,,
11004063,,Oliver,Kaczmarek,SPD,11004063,,,
11004256,Dr. ,Karl-Heinz,Brunner,SPD,11004256,,,
11004255,Dr. ,Franziska,Brantner,BÜNDNIS 90/DIE GRÜNEN,11004255,,,
11004036,,Ingo,Gädechens,CDU/CSU,11004036,,,
11004359,,Michelle,Müntefering,,11004359,,Staatsministerin im Auswärtigen Amt,
11004714,,Peter,Felser,AfD,11004714,,,
11004813,Dr. ,Birgit,Malsack-Winkemann,AfD,11004813,,,
11004759,,Matthias,Höhn,DIE LINKE,11004759,,,
11004900,,René,Springer,AfD,11004900,,,
11004826,,Siemtje,Möller,SPD,11004826,,,
11004777,,Jens,Kestner,AfD,11004777,,,
11004067,,Katja,Keul,BÜNDNIS 90/DIE GRÜNEN,11004067,,,
11004378,,Achim,Post,SPD,11004378,(Minden),,
11004152,,Detlef,Seif,CDU/CSU,11004152,,,
11004921,,Markus,Töns,SPD,11004921,,,
11004740,,Martin,Hebner,AfD,11004740,,,
11004272,Dr. ,Fritz,Felgentreu,SPD,11004272,,,
11004787,,Enrico,Komning,AfD,11004787,,,
11004763,,Reinhard,Houben,FDP,11004763,,,
11004103,,Thomas,Lutze,DIE LINKE,11004103,,,
11004830,,Claudia,Müller,BÜNDNIS 90/DIE GRÜNEN,11004830,,,
11004696,,Joana,Cotar,AfD,11004696,,,
11003865,,Elisabeth,Winkelmeier-Becker,,11003865,,Parl. Staatssekretärin beim Bundesminister für Wirtschaft und Energie,
11004270,Dr. ,Johannes,Fechner,SPD,11004270,,,
11004668,,Nicola,Beer,FDP,11004668,,,
11004703,,Anke,Domscheit-Berg,DIE LINKE,11004703,,,
11004138,,Tabea,Rößner,BÜNDNIS 90/DIE GRÜNEN,11004138,,,
11004061,,Thomas,Jarzombek,CDU/CSU,11004061,,,
11004603,Dr. ,Jens,Zimmermann,SPD,11004603,,,
11004304,,Alexander,Hoffmann,CDU/CSU,11004304,,,
11004678,,Stephan,Brandner,AfD,11004678,,,
11004851,Dr. ,Frauke,Petry,Fraktionslos,11004851,,,
11004114,,Niema,Movassat,DIE LINKE,11004114,,,
11004123,Dr. ,Konstantin,von Notz,BÜNDNIS 90/DIE GRÜNEN,11004123,,,
11004427,Dr. ,Volker,Ullrich,CDU/CSU,11004427,,,
11004057,,Manuel,Höferlin,FDP,11004057,,,
11003034,Dr. ,Dietmar,Bartsch,DIE LINKE,11003034,,,
11004098,Dr. ,Carsten,Linnemann,CDU/CSU,11004098,,,
11004392,,Bernd,Rützel,SPD,11004392,,,
11004791,,Steffen,Kotré,AfD,11004791,,,
11004914,,Michael,Theurer,FDP,11004914,,,
11004263,,Katharina,Dröge,BÜNDNIS 90/DIE GRÜNEN,11004263,,,
11004439,,Albert H. ,Weiler,CDU/CSU,11004439,,,
11004039,,Michael,Gerdes,SPD,11004039,,,
11003255,,Peter,Weiß,CDU/CSU,11003255,(Emmendingen),,
11004215,,Harald,Ebner,BÜNDNIS 90/DIE GRÜNEN,11004215,,,
11004269,,Hermann,Färber,CDU/CSU,11004269,,,
11003576,,Renate,Künast,BÜNDNIS 90/DIE GRÜNEN,11003576,,,
11004858,,Stephan,Protschka,AfD,11004858,,,
11004894,,Frank,Sitta,FDP,11004894,,,
11003853,Dr. ,Kirsten,Tackmann,DIE LINKE,11003853,,,
11003596,,Marlene,Mortler,CDU/CSU,11003596,,,
11004287,,Rita,Hagl-Kehl,,11004287,,Parl. Staatssekretärin bei der Bundesministerin der Justiz und für Verbraucherschutz,
11004105,Dr. ,Thomas,de Maizière,CDU/CSU,11004105,,,
11004441,,Marian,Wendt,CDU/CSU,11004441,,,
11004342,,Andrea,Lindholz,CDU/CSU,11004342,,,
11004748,,Lars,Herrmann,Fraktionslos,11004748,,,
11004907,,Friedrich,Straetmanns,DIE LINKE,11004907,,,
11004801,,Sven,Lehmann,BÜNDNIS 90/DIE GRÜNEN,11004801,,,
11004034,,Michael,Frieser,CDU/CSU,11004034,,,
11004905,,Beatrix,von Storch,AfD,11004905,,,
11004396,Dr. ,Nina,Scheer,SPD,11004396,,,
11004329,,Arno,Klare,SPD,11004329,,,
11004433,,Dirk,Vöpel,SPD,11004433,,,
11004010,,Peter,Beyer,CDU/CSU,11004010,,,
11001434,,Christoph,Matschie,SPD,11001434,,,
11004778,,Stefan,Keuter,AfD,11004778,,,
11004731,,Kay,Gottschalk,AfD,11004731,,,
11004164,,Sonja Amalie,Steffen,SPD,11004164,,,
11004796,,Konstantin,Kuhle,FDP,11004796,,,
11004088,,Caren,Lay,DIE LINKE,11004088,,,
11004259,Dr. ,Karamba,Diaby,SPD,11004259,,,
11004391,,Susann,Rüthrich,SPD,11004391,,,
11004305,Dr. ,Hendrik,Hoppenstedt,,11004305,,Staatsminister bei der Bundeskanzlerin,
11004863,,Roman Johannes,Reusch,AfD,11004863,,,
11004288,Dr. ,André,Hahn,DIE LINKE,11004288,,,
11003132,,Katrin,Göring-Eckardt,BÜNDNIS 90/DIE GRÜNEN,11003132,,,
11004100,Dr. ,Jan-Marco,Luczak,CDU/CSU,11004100,,,
11004248,Dr. ,Matthias,Bartke,SPD,11004248,,,
11004149,,Armin,Schuster,CDU/CSU,11004149,(Weil am Rhein),,
11004257,Dr. ,Lars,Castellucci,SPD,11004257,,,
11004908,,Benjamin,Strasser,FDP,11004908,,,
11004282,,Uli,Grötsch,SPD,11004282,,,
11003856,Dr. ,Florian,Toncar,FDP,11003856,,,
11004021,,Ralph,Brinkhaus,CDU/CSU,11004021,,,
11003157,,Johannes,Kahrs,SPD,11003157,,,
11003858,,Alexander,Ulrich,DIE LINKE,11003858,,,
11003837,Dr. ,Gerhard,Schick,BÜNDNIS 90/DIE GRÜNEN,11003837,,,
11004280,,Ursula,Groden-Kranich,CDU/CSU,11004280,,,
11003784,,Alois,Karl,CDU/CSU,11003784,,,
11004865,,Bernd,Riexinger,DIE LINKE,11004865,,,
11004192,Dr. ,Matthias,Zimmer,CDU/CSU,11004192,,,
11004856,,Jürgen,Pohl,AfD,11004856,,,
11004179,,Johannes,Vogel,FDP,11004179,(Olpe),,
11004117,,Beate,Müller-Gemmeke,BÜNDNIS 90/DIE GRÜNEN,11004117,,,
11004365,,Wilfried,Oellers,CDU/CSU,11004365,,,
11003440,,Kerstin,Griese,,11003440,,Parl. Staatssekretärin beim Bundesminister für Arbeit und Soziales,
11004127,,Lisa,Paus,BÜNDNIS 90/DIE GRÜNEN,11004127,,,
11004110,Dr. ,Mathias,Middelberg,CDU/CSU,11004110,,,
11003050,,Lothar,Binding,SPD,11003050,(Heidelberg),,
11004761,,Leif-Erik,Holm,AfD,11004761,,,
11004271,,Uwe,Feiler,CDU/CSU,11004271,,,
11004247,Dr. ,Katarina,Barley,,11004247,,Bundesministerin der Justiz und für Verbraucherschutz,
11004370,,Sylvia,Pantel,CDU/CSU,11004370,,,
11004764,,Johannes,Huber,AfD,11004764,,,
11004188,,Katrin,Werner,DIE LINKE,11004188,,,
11004652,,Grigorios,Aggelidis,FDP,11004652,,,
11004030,,Katja,Dörner,BÜNDNIS 90/DIE GRÜNEN,11004030,,,
11004859,,Martin,Reichardt,AfD,11004859,,,
11004771,,Elisabeth,Kaiser,SPD,11004771,,,
11004660,,Simone,Barrientos,DIE LINKE,11004660,,,
11004116,,Nadine,Schön,CDU/CSU,11004116,,,
11004753,,Nicole,Höchst,AfD,11004753,,,
11004150,,Stefan,Schwartze,SPD,11004150,,,
11004613,,Norbert,Müller,DIE LINKE,11004613,(Potsdam),,
11004773,Dr. ,Kirsten,Kappert-Gonther,BÜNDNIS 90/DIE GRÜNEN,11004773,,,
11004754,Dr. ,Gero Clemens,Hocker,FDP,11004754,,,
11003527,Dr. ,Maria,Flachsbarth,,11003527,,Parl. Staatssekretärin beim Bundesminister für wirtschaftliche Zusammenarbeit und Entwicklung,
11003638,,Jens,Spahn,,11003638,,Bundesminister für Gesundheit,
11003514,,Gitta,Connemann,CDU/CSU,11003514,,,
11004404,,Ursula,Schulte,SPD,11004404,,,
11004728,,Franziska,Gminder,AfD,11004728,,,
11004823,,Amira,Mohamed Ali,DIE LINKE,11004823,,,
11003772,Dr. ,Anton,Hofreiter,BÜNDNIS 90/DIE GRÜNEN,11003772,,,
11004033,Dr. ,Edgar,Franke,SPD,11004033,,,
11004384,,Alois,Rainer,CDU/CSU,11004384,,,
11004393,,Johann,Saathoff,SPD,11004393,,,
11004140,Dr. ,Stefan,Ruppert,FDP,11004140,,,
11003516,,Alexander,Dobrindt,CDU/CSU,11003516,,,
11004802,,Helge,Lindh,SPD,11004802,,,
11003573,,Gunther,Krichbaum,CDU/CSU,11003573,,,
11004881,,Johannes,Schraps,SPD,11004881,,,
11004302,Dr. ,Heribert,Hirte,CDU/CSU,11004302,,,
11004614,,Angelika,Glöckner,SPD,11004614,,,
11004349,,Matern,von Marschall,CDU/CSU,11004349,,,
11004789,,Carina,Konrad,FDP,11004789,,,
11004107,,Hans-Georg,von der Marwitz,CDU/CSU,11004107,,,
11004410,,Rainer,Spiering,SPD,11004410,,,
11004888,,Uwe,Schulz,AfD,11004888,,,
11004250,,Maik,Beermann,CDU/CSU,11004250,,,
11003639,,Christian Freiherr von,Stetten,CDU/CSU,11003639,,,Freiherr
11004328,,Cansel,Kiziltepe,SPD,11004328,,,
11004727,,Albrecht,Glaser,AfD,11004727,,,
11004659,,Lisa,Badum,BÜNDNIS 90/DIE GRÜNEN,11004659,,,
11003734,,Thomas,Bareiß,,11003734,,Parl. Staatssekretär beim Bundesminister für Wirtschaft und Energie,
11003847,,Rita,Schwarzelühr-Sutter,,11003847,,"Parl. Staatssekretärin bei der Bundesministerin für Umwelt, Naturschutz und nukleare Sicherheit",
11004792,Dr. ,Rainer,Kraft,AfD,11004792,,,
11004929,,Sandra,Weeser,FDP,11004929,,,
11004844,,Josephine,Ortleb,SPD,11004844,,,
11004111,,Cornelia,Möhring,DIE LINKE,11004111,,,
11004395,,Ulle,Schauws,BÜNDNIS 90/DIE GRÜNEN,11004395,,,
11003216,,Anita,Schäfer,CDU/CSU,11003216,(Saalstadt),,
11004336,Dr. ,Silke,Launert,CDU/CSU,11004336,,,
11004385,,Martina,Renner,DIE LINKE,11004385,,,
11004353,Dr. ,Irene,Mihalic,BÜNDNIS 90/DIE GRÜNEN,11004353,,,
11004710,Dr. ,Wiebke,Esdar,SPD,11004710,,,
11004690,,Karlheinz,Busen,FDP,11004690,,,
11004040,,Alois,Gerig,CDU/CSU,11004040,,,
11004355,,Susanne,Mittag,SPD,11004355,,,
11004707,,Thomas,Ehrhorn,AfD,11004707,,,
11003604,,Friedrich,Ostendorff,BÜNDNIS 90/DIE GRÜNEN,11003604,,,
11003832,,Johannes,Röring,CDU/CSU,11003832,,,
11004680,,Jürgen,Braun,AfD,11004680,,,
11004892,,Martin,Sichert,AfD,11004892,,,
11004099,,Burkhard,Lischka,SPD,11004099,,,
11004448,,Gülistan,Yüksel,SPD,11004448,,,
11004890,,Matthias,Seestern-Pauly,FDP,11004890,,,
11003861,,Marcus,Weinberg,CDU/CSU,11003861,(Hamburg),,
11003869,,Sabine,Zimmermann,DIE LINKE,11003869,(Zwickau),,
11003578,,Markus,Kurth,BÜNDNIS 90/DIE GRÜNEN,11003578,,,
11004389,Dr. ,Martin,Rosemann,SPD,11004389,,,
11004169,,Stephan,Stracke,CDU/CSU,11004169,,,
11004303,,Thomas,Hitschler,SPD,11004303,,,
11000365,Dr. ,Diether,Dehm,DIE LINKE,11000365,,,
11002716,Dr. Dr. h. c. ,Karl A. ,Lamers,CDU/CSU,11002716,,,
11004405,,Kordula,Schulz-Asche,BÜNDNIS 90/DIE GRÜNEN,11004405,,,
11004244,,Heike,Baehrens,SPD,11004244,,,
11004875,Dr. ,Robby,Schlund,AfD,11004875,,,
11004931,,Nicole,Westig,FDP,11004931,,,
11004454,,Pia,Zimmermann,DIE LINKE,11004454,,,
11004825,,Claudia,Moll,SPD,11004825,,,
999999986755,,François,de Rugy,,999999986755,,Präsident der Assemblée nationale,
11004097,,Christian,Lindner,FDP,11004097,,,
11004183,Dr. ,Sahra,Wagenknecht,DIE LINKE,11004183,,,
11002746,,Cem,Özdemir,BÜNDNIS 90/DIE GRÜNEN,11002746,,,
11003870,,Brigitte,Zypries,,11003870,,Bundesministerin für Wirtschaft und Energie,
11004732,,Timon,Gremmels,SPD,11004732,,,
11004824,,Falko,Mohrs,SPD,11004824,,,
11004819,,Pascal,Meiser,DIE LINKE,11004819,,,
11002733,Dr. ,Michael,Meister,,11002733,,Parl. Staatssekretär bei der Bundesministerin für Bildung und Forschung,
11003547,,Anja,Hajduk,BÜNDNIS 90/DIE GRÜNEN,11003547,,,
11004333,,Christian,Kühn,BÜNDNIS 90/DIE GRÜNEN,11004333,(Tübingen),,
11003628,Dr. ,Ole,Schröder,,11003628,,Parl. Staatssekretär beim Bundesminister des Innern,
11004757,Dr. ,Christoph,Hoffmann,FDP,11004757,,,
11003033,,Norbert,Barthle,,11003033,,Parl. Staatssekretär beim Bundesminister für wirtschaftliche Zusammenarbeit und Entwicklung,
11004850,,Tobias Matthias,Peterka,AfD,11004850,,,
11004902,,Bettina,Stark-Watzinger,FDP,11004902,,,
11003646,,Antje,Tillmann,CDU/CSU,11003646,,,
11003422,,Ingrid,Arndt-Brauer,SPD,11003422,,,
11004289,,Metin,Hakverdi,SPD,11004289,,,
11004832,,Sepp,Müller,CDU/CSU,11004832,,,
11004912,Dr. ,Hermann-Josef,Tebroke,CDU/CSU,11004912,,,
11004936,Dr. ,Christian,Wirth,AfD,11004936,,,
11004720,Dr. ,Anton,Friesen,AfD,11004720,,,
11004368,,Mahmut,Özdemir,SPD,11004368,(Duisburg),,
11004913,,Linda,Teuteberg,FDP,11004913,,,
11003714,,Monika,Lazar,BÜNDNIS 90/DIE GRÜNEN,11003714,,,
11004372,,Martin,Patzelt,CDU/CSU,11004372,,,
11004401,,Dagmar,Schmidt,SPD,11004401,(Wetzlar),,
11004937,,Uwe,Witt,AfD,11004937,,,
11004697,,Carl-Julius,Cronenberg,FDP,11004697,,,
11004822,,Mario,Mieruch,Fraktionslos,11004822,,,
11003556,,Gabriele,Hiller-Ohm,SPD,11003556,,,
11004795,,Michael,Kuffer,CDU/CSU,11004795,,,
11003786,,Katja,Kipping,DIE LINKE,11003786,,,
11002655,,Dagmar,Freitag,SPD,11002655,,,
11004692,,Petr,Bystron,AfD,11004692,,,
11004709,,Thomas,Erndl,CDU/CSU,11004709,,,
11004163,,Frank,Steffel,CDU/CSU,11004163,,,
11004853,,Stephan,Pilsinger,CDU/CSU,11004853,,,
11004055,,Rudolf,Henke,CDU/CSU,11004055,,,
11004876,Dr. ,Nils,Schmid,SPD,11004876,,,
11004694,Dr. ,Anna,Christmann,BÜNDNIS 90/DIE GRÜNEN,11004694,,,
11004073,,Axel,Knoerig,CDU/CSU,11004073,,,
11004772,,Uwe,Kamann,Fraktionslos,11004772,,,
11004790,,Elvan,Korkmaz-Emre,SPD,11004790,,,
11004012,,Matthias W. ,Birkwald,DIE LINKE,11004012,,,
11004261,,Sabine,Dittmar,SPD,11004261,,,
11004873,,Ulrike,Schielke-Ziesing,AfD,11004873,,,
11004815,,Till,Mansmann,FDP,11004815,,,
11004321,,Ralf,Kapschack,SPD,11004321,,,
11004334,Dr. ,Roy,Kühne,CDU/CSU,11004334,,,
11004816,Dr. ,Jürgen,Martens,FDP,11004816,,,
11004406,Dr. ,Klaus-Peter,Schulze,CDU/CSU,11004406,,,
11002720,,Steffi,Lemke,BÜNDNIS 90/DIE GRÜNEN,11002720,,,
11004681,,Silvia,Breher,CDU/CSU,11004681,,,
999190001,,Carsten,Träger,SPD,999190001,,,
11004880,,Jörg,Schneider,AfD,11004880,,,
11002812,,Max,Straubinger,CDU/CSU,11002812,,,
11004071,,Volkmar,Klein,CDU/CSU,11004071,,,
11004768,Dr. ,Marc,Jongen,AfD,11004768,,,
11004667,,Olaf,in der Beek,FDP,11004667,,,
11004717,,Brigitte,Freihold,DIE LINKE,11004717,,,
11004414,Dr. ,Wolfgang,Stefinger,CDU/CSU,11004414,,,
11002003,,Christian,Schmidt,CDU/CSU,11002003,(Fürth),,
11004101,,Kirsten,Lühmann,SPD,11004101,,,
11004898,,Detlev,Spangenberg,AfD,11004898,,,
11004159,,Judith,Skudelny,FDP,11004159,,,
11004134,,Ingrid,Remmers,DIE LINKE,11004134,,,
11004011,,Steffen,Bilger,,11004011,,Parl. Staatssekretär beim Bundesminister für Verkehr und digitale Infrastruktur,
11004363,,Ulli,Nissen,SPD,11004363,,,
11004262,,Michael,Donth,CDU/CSU,11004262,,,
11004366,,Florian,Oßner,CDU/CSU,11004366,,,
11004445,,Oliver,Wittke,,11004445,,Parl. Staatssekretär beim Bundesminister für Wirtschaft und Energie,
11004730,,Wilhelm,von Gottberg,AfD,11004730,,,
11004661,,Nicole,Bauer,FDP,11004661,,,
11003706,,Artur,Auernhammer,CDU/CSU,11003706,,,
11004650,Dr. ,Michael,von Abercron,CDU/CSU,11004650,,,
11003636,,Thomas,Silberhorn,,11003636,,Parl. Staatssekretär bei der Bundesministerin der Verteidigung,
11004784,,Daniela,Kluckert,FDP,11004784,,,
11004749,,Martin,Hess,AfD,11004749,,,
11004721,,Markus,Frohnmaier,AfD,11004721,,,
11002630,Dr. ,Maria,Böhmer,,11002630,,Staatsministerin im Auswärtigen Amt,
11004665,,Canan,Bayram,BÜNDNIS 90/DIE GRÜNEN,11004665,,,
11004683,,Leni,Breymaier,SPD,11004683,,,
11004656,,Philipp,Amthor,CDU/CSU,11004656,,,
11001478,Dr. ,Angela,Merkel,,11001478,,Bundeskanzlerin,
11004738,Dr. ,Roland,Hartwig,AfD,11004738,,,
11004701,,Esther,Dilcher,SPD,11004701,,,
11004742,,Katrin,Helling-Plahr,FDP,11004742,,,
11004744,,Marc,Henrichmann,CDU/CSU,11004744,,,
11004046,,Astrid,Grotelüschen,CDU/CSU,11004046,,,
11004775,,Thomas L. ,Kemmerich,FDP,11004775,,,
11004664,Dr. ,Danyal,Bayaz,BÜNDNIS 90/DIE GRÜNEN,11004664,,,
11004899,Dr. ,Dirk,Spaniel,AfD,11004899,,,
11004245,,Annalena,Baerbock,BÜNDNIS 90/DIE GRÜNEN,11004245,,,
11003789,,Jens,Koeppen,CDU/CSU,11003789,,,
11004715,,Susanne,Ferschl,DIE LINKE,11004715,,,
11004836,,Sebastian,Münzenmaier,AfD,11004836,,,
11004666,,Jens,Beeck,FDP,11004666,,,
11004673,,Marc,Biadacz,CDU/CSU,11004673,,,
11004102,,Oliver,Luksic,FDP,11004102,,,
11004933,,Wolfgang,Wiehle,AfD,11004933,,,
11004089,,Sabine,Leidig,DIE LINKE,11004089,,,
11004726,,Stefan,Gelbhaar,BÜNDNIS 90/DIE GRÜNEN,11004726,,,
11004810,,Frank,Magnitz,AfD,11004810,,,
11003848,Dr. ,Petra,Sitte,DIE LINKE,11003848,,,
11004356,,Karsten,Möring,CDU/CSU,11004356,,,
11003613,,Daniela,Ludwig,CDU/CSU,11003613,,,
11004917,,Alexander,Throm,CDU/CSU,11004917,,,
11004381,,Martin,Rabanus,SPD,11004381,,,
11004874,Dr. ,Wieland,Schinnenburg,FDP,11004874,,,
11004793,,Alexander,Krauß,CDU/CSU,11004793,,,
11004295,,Dirk,Heidenblut,SPD,11004295,,,
11004146,,Patrick,Schnieder,CDU/CSU,11004146,,,
11004891,,Thomas,Seitz,AfD,11004891,,,
11004783,,Katharina,Willkomm,FDP,11004783,,,
11004835,,Volker,Münz,AfD,11004835,,,
11004736,,Mariana Iris,Harder-Kühnel,AfD,11004736,,,
11004774,,Torbjörn,Kartes,CDU/CSU,11004774,,,
11003804,,Katja,Mast,SPD,11003804,,,
11004779,,Michael,Kießling,CDU/CSU,11004779,,,
11004831,,Hansjörg,Müller,AfD,11004831,,,
11004622,,Sarah,Ryglewski,,11004622,,Parl. Staatssekretärin beim Bundesminister der Finanzen,
11004833,,Roman,Müller-Böhm,FDP,11004833,,,
11004866,Dr. ,Manuela,Rottmann,BÜNDNIS 90/DIE GRÜNEN,11004866,,,
11004704,,Siegbert,Droese,AfD,11004704,,,
11004828,,Alexander,Müller,FDP,11004828,,,
11004805,,Nikolas,Löbel,CDU/CSU,11004805,,,
11004654,,Renata,Alt,FDP,11004654,,,
11004331,,Markus,Koob,CDU/CSU,11004331,,,
11004862,,Martin Erwin,Renner,AfD,11004862,,,
11004671,,Christoph,Bernstiel,CDU/CSU,11004671,,,
11004155,Dr. ,Patrick,Sensburg,CDU/CSU,11004155,,,
11004091,,Ralph,Lenkert,DIE LINKE,11004091,,,
11004766,,Hans-Jürgen,Irmer,CDU/CSU,11004766,,,
11004716,,Daniel,Föst,FDP,11004716,,,
11004756,Dr. ,Bettina,Hoffmann,BÜNDNIS 90/DIE GRÜNEN,11004756,,,
11004429,Dr. ,Julia,Verlinden,BÜNDNIS 90/DIE GRÜNEN,11004429,,,
10000,Dr. ,"Carsten Sieling,",Bürgermeister,Bremen,10000,,,
11003213,,Michael,Roth,,11003213,,Staatsminister im Auswärtigen Amt,
11003264,,Klaus-Peter,Willsch,CDU/CSU,11003264,,,
11004379,,Florian,Post,SPD,11004379,,,
11004806,,Bernhard,Loos,CDU/CSU,11004806,,,
11004651,,Doris,Achelwilm,DIE LINKE,11004651,,,
11004346,,Yvonne,Magwas,CDU/CSU,11004346,,,
11003830,,Sönke,Rix,SPD,11003830,,,
11004745,,Markus,Herbrand,FDP,11004745,,,
11003544,,Olav,Gutting,CDU/CSU,11003544,,,
11004617,,Ronja,Kemmer,CDU/CSU,11004617,,,
11004184,,Daniela,Wagner,BÜNDNIS 90/DIE GRÜNEN,11004184,,,
11004045,,Michael,Groß,SPD,11004045,,,
11004769,Dr. ,Christian,Jung,FDP,11004769,,,
11004927,,Andreas,Wagner,DIE LINKE,11004927,,,
11004904,,Mathias,Stein,SPD,11004904,,,
11004691,,Matthias,Büttner,AfD,11004691,,,
11004909,,Margit,Stumpp,BÜNDNIS 90/DIE GRÜNEN,11004909,,,
11004645,,Markus,Uhl,CDU/CSU,11004645,,,
11003148,,Gustav,Herzog,SPD,11003148,,,
11004087,,Ulrich,Lange,CDU/CSU,11004087,,,
11004409,,Tino,Sorge,CDU/CSU,11004409,,,
11004885,Dr. ,Manja,Schüle,SPD,11004885,,,
11004676,Dr. ,Jens,Brandenburg,FDP,11004676,(Rhein-Neckar),,
11004041,,Nicole,Gohlke,DIE LINKE,11004041,,,
11004901,,Katrin,Staffler,CDU/CSU,11004901,,,
11004733,,Erhard,Grundl,BÜNDNIS 90/DIE GRÜNEN,11004733,,,
11004829,,Axel,Müller,CDU/CSU,11004829,,,
11004923,,Gerald,Ullrich,FDP,11004923,,,
11004867,,Stefan,Rouenhoff,CDU/CSU,11004867,,,
11004924,,Kerstin,Vieregge,CDU/CSU,11004924,,,
11003758,,Martin,Gerster,SPD,11003758,,,
11004221,,Beate,Walter-Rosenheimer,BÜNDNIS 90/DIE GRÜNEN,11004221,,,
11004934,,Bettina Margarethe,Wiesmann,CDU/CSU,11004934,,,
11004246,,Ulrike,Bahr,SPD,11004246,,,
11004443,,Kai,Whittaker,CDU/CSU,11004443,,,
11004173,,Kerstin,Tack,SPD,11004173,,,
11004004,,Peter,Aumer,CDU/CSU,11004004,,,
11004741,,Thomas,Heilmann,CDU/CSU,11004741,,,
11003815,,Carsten,Müller,CDU/CSU,11003815,(Braunschweig),,
11004283,,Oliver,Grundmann,CDU/CSU,11004283,,,
999990073,,Olaf,Scholz,,999990073,,Bundesminister der Finanzen,
999990075,,Horst,Seehofer,,999990075,,"Bundesminister des Innern, für Bau und Heimat",
11004809,,Heiko,Maas,,11004809,,Bundesminister des Auswärtigen,
11002617,,Peter,Altmaier,,11002617,,Bundesminister für Wirtschaft und Energie,
11003142,,Hubertus,Heil,,11003142,,Bundesminister für Arbeit und Soziales,
999990072,,Julia,Klöckner,,999990072,,Bundesministerin für Ernährung und Landwirtschaft,
999990071,,Franziska,Giffey,,999990071,,"Bundesministerin für Familie, Senioren, Frauen und Jugend",
11003625,,Andreas,Scheuer,,11003625,,Bundesminister für Verkehr und digitale Infrastruktur,
999990074,,Svenja,Schulze,,999990074,,"Bundesministerin für Umwelt, Naturschutz und nukleare Sicherheit",
11004323,,Anja,Karliczek,,11004323,,Bundesministerin für Bildung und Forschung,
11002742,Dr. ,Gerd,Müller,,11002742,,Bundesminister für wirtschaftliche Zusammenarbeit und Entwicklung,
11003510,Dr. ,Helge,Braun,,11003510,,Bundesminister für besondere Aufgaben,
11004884,,Michael,Schrodi,SPD,11004884,,,
11003800,,Michael,Leutert,DIE LINKE,11003800,,,
11004712,Dr. ,Marcus,Faber,FDP,11004712,,,
11003645,,Michaela,Noll,CDU/CSU,11003645,,,
11004341,,Antje,Lezius,CDU/CSU,11004341,,,
11003631,,Uwe,Schummer,CDU/CSU,11003631,,,
11004699,,Astrid,Damerow,CDU/CSU,11004699,,,
11004424,,Michael,Thews,SPD,11004424,,,
11004935,Dr. ,Heiko,Wildberg,AfD,11004935,,,
11004386,Dr. ,Daniela,De Ridder,SPD,11004386,,,
11004797,,Alexander,Kulitz,FDP,11004797,,,
11004799,,Ulrich,Lechte,FDP,11004799,,,
11004052,,Mechthild,Heil,CDU/CSU,11004052,,,
11003888,Dr. ,Wolfgang,Strengmann-Kuhn,BÜNDNIS 90/DIE GRÜNEN,11003888,,,
11002019,,Ulla,Schmidt,SPD,11002019,(Aachen),,
11004054,,Frank,Heinrich,CDU/CSU,11004054,(Chemnitz),,
11004770,,Ingmar,Jung,CDU/CSU,11004770,,,
11004174,Dr. ,Peter,Tauber,,11004174,,Parl. Staatssekretär bei der Bundesministerin der Verteidigung,
11004871,,Christian,Sauter,FDP,11004871,,,
11004938,,Paul,Ziemiak,CDU/CSU,11004938,,,
11004845,,Josef,Oster,CDU/CSU,11004845,,,
11004713,,Yasmin,Fahimi,SPD,11004713,,,
11003584,Dr. ,Gesine,Lötzsch,DIE LINKE,11003584,,,
11004682,,Sebastian,Brehm,CDU/CSU,11004682,,,
11004258,,Bernhard,Daldrup,SPD,11004258,,,
11004670,,Melanie,Bernstein,CDU/CSU,11004670,,,
11004417,,Sebastian,Steineke,CDU/CSU,11004417,,,
11004812,Dr. ,Lothar,Maier,AfD,11004812,,,
11000616,,Hans-Joachim,Fuchtel,,11000616,,Parl. Staatssekretär bei der Bundesministerin für Ernährung und Landwirtschaft,
11003574,Dr. ,Günter,Krings,,11003574,,"Parl. Staatssekretär beim Bundesminister des Innern, für Bau und Heimat",
11004278,,Matthias,Gastel,BÜNDNIS 90/DIE GRÜNEN,11004278,,,
11003761,,Monika,Grütters,,11003761,,Staatsministerin bei der Bundeskanzlerin,
11003586,,Dorothee,Bär,,11003586,,Staatsministerin bei der Bundeskanzlerin,
11004312,,Dieter,Janecek,BÜNDNIS 90/DIE GRÜNEN,11004312,,,
11003742,,Michael,Brand,CDU/CSU,11003742,(Fulda),,
11004719,,Dietmar,Friedhoff,AfD,11004719,,,
11004897,,Helin Evrim,Sommer,DIE LINKE,11004897,,,
11003614,Dr. ,Sascha,Raabe,SPD,11003614,,,
11004285,,Fritz,Güntzler,CDU/CSU,11004285,,,
11004377,,Sabine,Poschmann,SPD,11004377,,,
11004317,,Frank,Junge,SPD,11004317,,,
11002666,,Hermann,Gröhe,CDU/CSU,11002666,,,
11003496,,Sören,Bartol,SPD,11003496,,,
11004241,,Stephan,Albani,CDU/CSU,11004241,,,
11004942,,Marja-Liisa,Völlers,SPD,11004942,,,
11004869,Dr.  h. c. ,Thomas,Sattelberger,FDP,11004869,,,
11004848,,Sören,Pellmann,DIE LINKE,11004848,,,
11004918,Dr. ,Dietlind,Tiemann,CDU/CSU,11004918,,,
11003210,,René,Röspel,SPD,11003210,,,
11004679,,Michel,Brandt,DIE LINKE,11004679,,,
11004452,,Emmi,Zeulner,CDU/CSU,11004452,,,
11004663,,Margarete,Bause,BÜNDNIS 90/DIE GRÜNEN,11004663,,,
11004762,,Ottmar,von Holtz,BÜNDNIS 90/DIE GRÜNEN,11004762,,,
11003597,,Stefan,Müller,CDU/CSU,11003597,(Erlangen),,
11003070,,Marie-Luise,Dött,CDU/CSU,11003070,,,
11004415,,Albert,Stegemann,CDU/CSU,11004415,,,
11003602,Dr. ,Georg,Nüßlein,CDU/CSU,11003602,,,
11003792,,Sylvia,Kotting-Uhl,BÜNDNIS 90/DIE GRÜNEN,11003792,,,
11004104,,Karin,Maag,CDU/CSU,11004104,,,
11003620,,Albert,Rupprecht,CDU/CSU,11003620,,,
11003167,,Christine,Lambrecht,,11003167,,Bundesministerin der Justiz und für Verbraucherschutz,
11004877,,Stefan,Schmidt,BÜNDNIS 90/DIE GRÜNEN,11004877,,,
11000756,Dr. ,Gregor,Gysi,DIE LINKE,11000756,,,
11004834,,Frank,Müller-Rosentritt,FDP,11004834,,,
11004739,,Jochen,Haug,AfD,11004739,,,
11004926,,Christoph,de Vries,CDU/CSU,11004926,,,
11004711,Dr. ,Michael,Espendiller,AfD,11004711,,,
11003860,,Kai,Wegner,CDU/CSU,11003860,,,
11004743,,Udo Theodor,Hemmelgarn,AfD,11004743,,,
11004229,,Hagen,Reinhold,FDP,11004229,,,
11004423,,Claudia,Tausend,SPD,11004423,,,
11004889,,Torsten,Schweiger,CDU/CSU,11004889,,,
11004124,,Aydan,Özoğuz,SPD,11004124,,,
11002823,,Ute,Vogt,SPD,11002823,,,
999990006,Dr. ,Hans-Peter,Bartels,,999990006,,Wehrbeauftragter des Deutschen Bundestages,
11004800,,Jens,Lehmann,CDU/CSU,11004800,,,
11004811,,Jens,Maier,AfD,11004811,,,
11004677,,Mario,Brandenburg,FDP,11004677,(Südpfalz),,
11004051,Dr. ,Matthias,Heider,CDU/CSU,11004051,,,
11004883,,Felix,Schreiner,CDU/CSU,11004883,,,
11004059,,Karl,Holmeier,CDU/CSU,11004059,,,
11004653,,Gökay,Akbulut,DIE LINKE,11004653,,,
11004941,,Gyde,Jensen,FDP,11004941,,,
11004734,,Thomas,Hacker,FDP,11004734,,,
11004750,,Katja,Hessel,FDP,11004750,,,
11004693,,Jörg,Cezanne,DIE LINKE,11004693,,,
11003809,Dr. ,Matthias,Miersch,SPD,11003809,,,
11004878,,Uwe,Schmidt,SPD,11004878,,,
11004760,Dr. ,Bruno,Hollnagel,AfD,11004760,,,
11004820,,Christoph,Meyer,FDP,11004820,,,
11004286,,Christian,Haase,CDU/CSU,11004286,,,
11003168,,Christian,Lange,,11003168,,Parl. Staatssekretär bei der Bundesministerin der Justiz und für Verbraucherschutz,
11003655,,Marco,Wanderwitz,,11003655,,Parl. Staatssekretär beim Bundesminister für Wirtschaft und Energie,
11004119,Dr. ,Ingrid,Nestle,BÜNDNIS 90/DIE GRÜNEN,11004119,,,
11004354,,Klaus,Mindrup,SPD,11004354,,,
11004684,Dr. ,Carsten,Brodesser,CDU/CSU,11004684,,,
999990050,,Verena,Bentele,,999990050,,Beauftragte der Bundesregierung für die Belange von Menschen mit Behinderungen,
11004390,,Corinna,Rüffer,BÜNDNIS 90/DIE GRÜNEN,11004390,,,
11004814,Dr. ,Astrid,Mannes,CDU/CSU,11004814,,,
11004776,Dr. ,Achim,Kessler,DIE LINKE,11004776,,,
11004841,,Petra,Nicolaisen,CDU/CSU,11004841,,,
11004006,,Bärbel,Bas,SPD,11004006,,,
11004449,,Hubertus,Zdebel,DIE LINKE,11004449,,,
11004737,,Verena,Hartmann,Fraktionslos,11004737,,,
11003542,,Markus,Grübel,CDU/CSU,11003542,,,
11003744,,Martin,Burkert,SPD,11003744,,,
11004407,,Andreas,Schwarz,SPD,11004407,,,
11004687,,Marcus,Bühl,AfD,11004687,,,
11004849,,Victor,Perli,DIE LINKE,11004849,,,
11004153,,Reinhold,Sendker,CDU/CSU,11004153,,,
11004397,,Udo,Schiefner,SPD,11004397,,,
11004083,,Rüdiger,Kruse,CDU/CSU,11004083,,,
11003152,,Martin,Hohmann,AfD,11003152,,,
11004765,,Ulla,Ihnen,FDP,11004765,,,
11003740,,Heidrun,Bluhm-Förster,DIE LINKE,11003740,,,
11004686,,Katrin,Budde,SPD,11004686,,,
11003582,,Patricia,Lips,CDU/CSU,11003582,,,
11003068,,Ekin,Deligöz,BÜNDNIS 90/DIE GRÜNEN,11003068,,,
11003624,,Axel,Schäfer,SPD,11003624,(Bochum),,
11004780,,Karsten,Klein,FDP,11004780,,,
11004388,,Dennis,Rohde,SPD,11004388,,,
11004882,,Eva-Maria,Schreiber,DIE LINKE,11004882,,,
11004870,,Stefan,Sauer,CDU/CSU,11004870,,,
11004332,,Carsten,Körber,CDU/CSU,11004332,,,
11004281,,Klaus-Dieter,Gröhler,CDU/CSU,11004281,,,
11004108,,Andreas,Mattfeldt,CDU/CSU,11004108,,,
11004412,,Svenja,Stadler,SPD,11004412,,,
11003630,,Swen,Schulz,SPD,11003630,(Spandau),,
11004382,,Kerstin,Radomski,CDU/CSU,11004382,,,
11003118,,Axel E. ,Fischer,CDU/CSU,11003118,(Karlsruhe-Land),,
11003551,,Michael,Hennrich,CDU/CSU,11003551,,,
11004113,,Dietrich,Monstadt,CDU/CSU,11004113,,,
11004136,,Josef,Rief,CDU/CSU,11004136,,,
11004252,Dr. ,André,Berghegger,CDU/CSU,11004252,,,
11004418,,Johannes,Steiniger,CDU/CSU,11004418,,,
11004911,,Jessica,Tatti,DIE LINKE,11004911,,,
11004413,,Martina,Stamm-Fibich,SPD,11004413,,,
11004222,,Manfred,Todtenhausen,FDP,11004222,,,
11004324,,Kerstin,Kassner,DIE LINKE,11004324,,,
11003799,,Paul,Lehrieder,CDU/CSU,11003799,,,
11003643,,Gero,Storjohann,CDU/CSU,11003643,,,
11004337,Dr. ,Katja,Leikert,CDU/CSU,11004337,,,
11004655,,Norbert Maria,Altenkamp,CDU/CSU,11004655,,,
11004292,,Matthias,Hauer,CDU/CSU,11004292,,,
11003834,,Frank,Schäffler,FDP,11003834,,,
11002798,,Johannes,Selle,CDU/CSU,11002798,,,
11004915,,Hans-Jürgen,Thies,CDU/CSU,11004915,,,
11004120,Dr. ,Martin,Neumann,FDP,11004120,(Lausitz),,
11004854,Dr. ,Christoph,Ploß,CDU/CSU,11004854,,,
11004038,Dr. ,Thomas,Gebhart,,11004038,,Parl. Staatssekretär beim Bundesminister für Gesundheit,
11003587,,Caren,Marks,,11003587,,"Parl. Staatssekretärin bei der Bundesministerin für Familie, Senioren, Frauen und Jugend",
11004700,,Britta Katharina,Dassler,FDP,11004700,,,
11003534,,Eberhard,Gienger,CDU/CSU,11003534,,,
11004788,,Jörn,König,AfD,11004788,,,
11004729,,Eckhard,Gnodtke,CDU/CSU,11004729,,,
11004903,,Andreas,Steier,CDU/CSU,11004903,,,
999990076,,Andreas,Geisel,,999990076,,Senator (Berlin),
11004827,,Andreas,Mrosek,AfD,11004827,,,
11003612,,Florian,Pronold,,11003612,,"Parl. Staatssekretär bei der Bundesministerin für Umwelt, Naturschutz und nukleare Sicherheit",
11004674,,Andreas,Bleck,AfD,11004674,,,
11004435,,Kees,de Vries,CDU/CSU,11004435,,,
11003248,,Arnold,Vaatz,CDU/CSU,11003248,,,
11004251,,Sybille,Benning,CDU/CSU,11004251,,,
11004782,Dr. ,Marcel,Klinge,FDP,11004782,,,
11004893,,Björn,Simon,CDU/CSU,11004893,,,
11003816,,Detlef,Müller,SPD,11003816,(Chemnitz),,
11004131,,Eckhard,Pols,CDU/CSU,11004131,,,
11004325,,Gabriele,Katzmarek,SPD,11004325,,,
11004922,Dr. ,Andrew,Ullmann,FDP,11004922,,,
11004327,Dr. ,Georg,Kippels,CDU/CSU,11004327,,,
11002621,,Doris,Barnett,SPD,11002621,,,
11004191,,Dagmar,Ziegler,SPD,11004191,,,
11001772,Dr. ,Peter,Ramsauer,CDU/CSU,11001772,,,
11004416,,Peter,Stein,CDU/CSU,11004416,(Rostock),,
11003658,,Ingo,Wellenreuther,CDU/CSU,11003658,,,
11004275,,Ulrich,Freese,SPD,11004275,,,
11004178,,Markus,Tressel,BÜNDNIS 90/DIE GRÜNEN,11004178,,,
11004376,,Detlev,Pilger,SPD,11004376,,,
11004293,,Mark,Hauptmann,CDU/CSU,11004293,,,
11004879,Dr. ,Claudia,Schmidtke,CDU/CSU,11004879,,,
11003890,,Christian,Hirte,CDU/CSU,11003890,,,
999990077,,Martin,Dulig,,999990077,,Staatsminister (Sachsen),
11003525,,Enak,Ferlemann,,11003525,,Parl. Staatssekretär beim Bundesminister für Verkehr und digitale Infrastruktur,
11003162,,Anette,Kramme,,11003162,,Parl. Staatssekretärin beim Bundesminister für Arbeit und Soziales,
11002754,,Thomas,Rachel,,11002754,,Parl. Staatssekretär bei der Bundesministerin für Bildung und Forschung,
11004747,,Waldemar,Herdt,AfD,11004747,,,
11004387,,Andreas,Rimkus,SPD,11004387,,,
11004352,,Jan,Metzler,CDU/CSU,11004352,,,
11003650,,Volkmar,Vogel,,11003650,,"Parl. Staatssekretär beim Bundesminister des Innern, für Bau und Heimat",
11004444,,Dirk,Wiese,SPD,11004444,,,
999990078,Dr. ,Joachim,Stamp,,999990078,,Minister (Nordrhein-Westfalen),
11004170,,Karin,Strenz,CDU/CSU,11004170,,,
11004767,,Fabian,Jacobi,AfD,11004767,,,
11004706,,Hartmut,Ebbing,FDP,11004706,,,
11004428,,Oswin,Veith,CDU/CSU,11004428,,,
11004855,,Paul Viktor,Podolay,AfD,11004855,,,
11004148,,Jimmy,Schulz,FDP,11004148,,,
11003450,,Ulrich,Kelber,SPD,11003450,,,
11004358,,Bettina,Müller,SPD,11004358,,,
11004708,,Berengar,Elsner von Gronow,AfD,11004708,,,
11004847,,Frank,Pasemann,AfD,11004847,,,
11001278,,Katharina,Landgraf,CDU/CSU,11001278,,,
999980200,,Gisela,Manderla,CDU/CSU,999980200,,,
11003838,,Marianne,Schieder,SPD,11003838,,,
11004298,,Mark,Helfrich,CDU/CSU,11004298,,,
11004821,,Corinna,Miazga,AfD,11004821,,,
11004122,,Thomas,Nord,DIE LINKE,11004122,,,
11004187,,Sabine,Weiss,,11004187,,Parl. Staatssekretärin beim Bundesminister für Gesundheit,
11002667,,Manfred,Grund,CDU/CSU,11002667,,,
11004168,,Dieter,Stier,CDU/CSU,11004168,,,
11003259,,Annette,Widmann-Mauz,,11003259,,Staatsministerin bei der Bundeskanzlerin,
999990079,Dr. ,Volker,Wissing,,999990079,,Staatsminister (Rheinland-Pfalz),
11000198,,Peter,Bleser,CDU/CSU,11000198,,,
11004348,,Gisela,Manderla,CDU/CSU,11004348,,,
11004723,,Sylvia,Gabelmann,DIE LINKE,11004723,,,
11003715,,Lars,Klingbeil,SPD,11003715,,,
999990080,,Jürgen,Dusel,,999990080,,Beauftragter der Bundesregierung für die Belange von Menschen mit Behinderungen,
11004426,,Carsten,Träger,SPD,11004426,,,
11004947,,Nezahat,Baradari,SPD,11004947,,,
999980202,,Nina,Warken,CDU/CSU,999980202,,,
11003197,,Kersten,Steinke,DIE LINKE,11003197,,,
11003512,,Marco,Bülow,Fraktionslos,11003512,,,
11004017,,Norbert,Brackmann,CDU/CSU,11004017,,,
11003199,,Dietmar,Nietan,SPD,11003199,,,
11004019,,Heike,Brehmer,CDU/CSU,11004019,,,
11004946,,Gerhard,Zickenheiner,BÜNDNIS 90/DIE GRÜNEN,11004946,,,
999990083,,Annegret,Kramp-Karrenbauer,,999990083,,Bundesministerin der Verteidigung,
11003231,,Olaf,Scholz,,11003231,,Bundesminister der Finanzen,
11003566,,Julia,Klöckner,,11003566,,Bundesministerin für Ernährung und Landwirtschaft,
11004949,,Isabel,Mackensen,SPD,11004949,,,
11002140,,Horst,Seehofer,,11002140,,"Bundesminister des Innern, für Bau und Heimat",
11004369,,Ingrid,Pahlmann,CDU/CSU,11004369,,,
11004277,Dr. ,Astrid,Freudenstein,CDU/CSU,11004277,,,
11003572,,Michael,Kretschmer,,11003572,,Ministerpräsident (Sachsen),
11004948,,Peter,Heidt,FDP,11004948,,,
11000254,Dr. ,Eberhard,Brecht,SPD,11000254,,,
11004839,,Christoph,Neumann,AfD,11004839,,,
11003031,Dr. ,Hans-Peter,Bartels,,11003031,,Wehrbeauftragter des Deutschen Bundestages,
11004371,,Markus,Paschke,SPD,11004371,,,
999990090,,Elke,Breitenbach,,999990090,,Senatorin (Berlin),
999990091,Dr. ,Benjamin-Immanuel,Hoff,,999990091,,Minister (Thüringen),
999990089,,Sandra,Bubendorfer-Licht,FDP,999990089,,,
11004437,,Nina,Warken,CDU/CSU,11004437,,,
999990093,,Boris,Pistorius,,999990093,,Minister (Niedersachsen),
999990085,Dr. ,Joe,Weingarten,SPD,999990085,,,
999990094,Dr. ,Reiner,Haseloff,,999990094,,Ministerpräsident (Sachsen-Anhalt),
999990088,,Sylvia,Lehmann,SPD,999990088,,,
999990095,,Georg,Eisenreich,,999990095,,Staatsminister (Bayern),
11003501,,Veronika,Bellmann,CDU/CSU,11003501,,,
11003023,,Annegret,Kramp-Karrenbauer,,11003023,,Bundesministerin der Verteidigung,
999990092,,Bela,Bach,SPD,999990092,,,
999990096,,Matthias,Nölke,FDP,999990096,,,
999990084,,Charlotte,Schneidewind-Hartnagel,BÜNDNIS 90/DIE GRÜNEN,999990084,,,
11001294,,Karl-Josef,Laumann,,11001294,,Minister (Nordrhein-Westfalen),
11003825,,Mechthild,Rawert,SPD,11003825,,,
999990097,,Dorothee,Martin,SPD,999990097,,,
11004450,,Tobias,Zech,CDU/CSU,11004450,,,
999990098,Dr. ,Till,Backhaus,,999990098,,Minister (Mecklenburg-Vorpommern),
999990099,,Manuela,Schwesig,,999990099,,Ministerpräsidentin (Mecklenburg-Vorpommern),
999990100,,Katja,Meier,,999990100,,Staatsministerin (Sachsen),
999990087,Dr. ,Saskia,Ludwig,CDU/CSU,999990087,,,
999990102,,Malu,Dreyer,,999990102,,Ministerpräsidentin (Rheinland-Pfalz),
999990103,,Georg,Maier,,999990103,,Minister (Thüringen),
11003702,Dr. ,Volker,Wissing,,11003702,,Staatsminister (Rheinland-Pfalz),
999990105,Dr. ,Janosch,Dahmen,BÜNDNIS 90/DIE GRÜNEN,999990105,,,
999990106,,Michael,Müller,,999990106,,Regierender Bürgermeister (Berlin),
999990104,,Christian,Natterer,CDU/CSU,999990104,,,
11003610,Dr. ,Andreas,Pinkwart,,11003610,,Minister (Nordrhein-Westfalen),
